{
  "id": "20190204",
  "overdue": true,
  "to": {
    "name": "Jack London",
    "position": "Lonely Wolf",
    "street": "1150 Lost St.",
    "city": "Middle of Nowhere"
  },
  "dueDate": "Feb 23, 2021",
  "hourRate": 185,
  "work": [
    {
      "name": "Novel proofreading",
      "hours": 50
    },
    {
      "name": "Consulting",
      "hours": 3
    }
  ],
  "note": "One morning, when Gregor Samsa woke from troubled dreams, he found himself transformed in his bed into a horrible vermin. He lay on his armour-like back, and if he lifted his head a little he could see his brown belly, slightly domed and divided by arches into stiff sections"
}
