[
  {
    "isActive": false,
    "person": "Nielsen Cobb",
    "company": "Memora",
    "email": "nielsencobb@memora.com",
    "phone": "+1 (851) 552-2735",
    "city": "Graniteville",
    "orders": 0
  },
  {
    "isActive": false,
    "person": "Margret Cote",
    "company": "Zilidium",
    "email": "margretcote@zilidium.com",
    "phone": "+1 (893) 532-2218",
    "city": "Foxworth",
    "orders": 2
  },
  {
    "isActive": true,
    "person": "Rachel Vinson",
    "company": "Chorizon",
    "email": "rachelvinson@chorizon.com",
    "phone": "+1 (891) 494-2060",
    "city": "Eastmont",
    "orders": 5
  },
  {
    "isActive": false,
    "person": "Gabrielle Aguirre",
    "company": "Comverges",
    "email": "gabrielleaguirre@comverges.com",
    "phone": "+1 (805) 459-3869",
    "city": "Whitewater",
    "orders": 0
  },
  {
    "isActive": false,
    "person": "Spears Collier",
    "company": "Remold",
    "email": "spearscollier@remold.com",
    "phone": "+1 (910) 555-2436",
    "city": "Hebron",
    "orders": 1
  },
  {
    "isActive": true,
    "person": "Keisha Thomas",
    "company": "Euron",
    "email": "keishathomas@euron.com",
    "phone": "+1 (958) 405-3392",
    "city": "Levant",
    "orders": 10
  },
  {
    "isActive": false,
    "person": "Elisabeth Key",
    "company": "Netagy",
    "email": "elisabethkey@netagy.com",
    "phone": "+1 (900) 421-2096",
    "city": "Nile",
    "orders": 0
  },
  {
    "isActive": false,
    "person": "Patel Mack",
    "company": "Zedalis",
    "email": "patelmack@zedalis.com",
    "phone": "+1 (800) 460-2720",
    "city": "Albrightsville",
    "orders": 2
  },
  {
    "isActive": true,
    "person": "Erika Whitaker",
    "company": "Uniworld",
    "email": "erikawhitaker@uniworld.com",
    "phone": "+1 (911) 484-3333",
    "city": "Leola",
    "orders": 8
  },
  {
    "isActive": false,
    "person": "Meyers Swanson",
    "company": "Candecor",
    "email": "meyersswanson@candecor.com",
    "phone": "+1 (999) 404-3297",
    "city": "Finderne",
    "orders": 3
  },
  {
    "isActive": true,
    "person": "Townsend Sloan",
    "company": "Rameon",
    "email": "townsendsloan@rameon.com",
    "phone": "+1 (978) 563-2964",
    "city": "Coultervillle",
    "orders": 8
  },
  {
    "isActive": false,
    "person": "Millicent Henry",
    "company": "Balooba",
    "email": "millicenthenry@balooba.com",
    "phone": "+1 (863) 585-3988",
    "city": "Caron",
    "orders": 9
  },
  {
    "isActive": false,
    "person": "Madelyn Brock",
    "company": "Combogene",
    "email": "madelynbrock@combogene.com",
    "phone": "+1 (969) 508-2642",
    "city": "Ballico",
    "orders": 1
  },
  {
    "isActive": true,
    "person": "Jenkins Carney",
    "company": "Dadabase",
    "email": "jenkinscarney@dadabase.com",
    "phone": "+1 (901) 471-3581",
    "city": "Chesterfield",
    "orders": 6
  },
  {
    "isActive": false,
    "person": "Grimes Delaney",
    "company": "Progenex",
    "email": "grimesdelaney@progenex.com",
    "phone": "+1 (815) 514-2108",
    "city": "Cazadero",
    "orders": 6
  },
  {
    "isActive": true,
    "person": "Valencia Rivera",
    "company": "Xleen",
    "email": "valenciarivera@xleen.com",
    "phone": "+1 (969) 536-3595",
    "city": "Kirk",
    "orders": 7
  },
  {
    "isActive": true,
    "person": "Helene Solomon",
    "company": "Zomboid",
    "email": "helenesolomon@zomboid.com",
    "phone": "+1 (813) 456-2608",
    "city": "Riverton",
    "orders": 6
  },
  {
    "isActive": true,
    "person": "Kathleen Holman",
    "company": "Hotcakes",
    "email": "kathleenholman@hotcakes.com",
    "phone": "+1 (857) 406-2766",
    "city": "Darlington",
    "orders": 10
  },
  {
    "isActive": false,
    "person": "Merrill Garrett",
    "company": "Affluex",
    "email": "merrillgarrett@affluex.com",
    "phone": "+1 (996) 557-2069",
    "city": "Utting",
    "orders": 8
  },
  {
    "isActive": false,
    "person": "Sallie Booth",
    "company": "Ziggles",
    "email": "salliebooth@ziggles.com",
    "phone": "+1 (874) 556-2181",
    "city": "Waiohinu",
    "orders": 0
  },
  {
    "isActive": false,
    "person": "Doris Ward",
    "company": "Imaginart",
    "email": "dorisward@imaginart.com",
    "phone": "+1 (862) 495-2289",
    "city": "Wyano",
    "orders": 2
  },
  {
    "isActive": false,
    "person": "Lester Roach",
    "company": "Applica",
    "email": "lesterroach@applica.com",
    "phone": "+1 (884) 576-3361",
    "city": "Coventry",
    "orders": 2
  },
  {
    "isActive": false,
    "person": "Garza Shaw",
    "company": "Capscreen",
    "email": "garzashaw@capscreen.com",
    "phone": "+1 (970) 440-2019",
    "city": "Beyerville",
    "orders": 10
  },
  {
    "isActive": true,
    "person": "Charmaine Castro",
    "company": "Naxdis",
    "email": "charmainecastro@naxdis.com",
    "phone": "+1 (974) 551-3380",
    "city": "Cotopaxi",
    "orders": 2
  },
  {
    "isActive": true,
    "person": "Carey Petersen",
    "company": "Telepark",
    "email": "careypetersen@telepark.com",
    "phone": "+1 (892) 551-2169",
    "city": "Lowell",
    "orders": 6
  },
  {
    "isActive": true,
    "person": "Sargent Gray",
    "company": "Orbean",
    "email": "sargentgray@orbean.com",
    "phone": "+1 (828) 561-2635",
    "city": "Allison",
    "orders": 2
  },
  {
    "isActive": false,
    "person": "Dodson Goff",
    "company": "Elentrix",
    "email": "dodsongoff@elentrix.com",
    "phone": "+1 (817) 504-3865",
    "city": "Wedgewood",
    "orders": 5
  },
  {
    "isActive": false,
    "person": "Medina Ellison",
    "company": "Glukgluk",
    "email": "medinaellison@glukgluk.com",
    "phone": "+1 (936) 468-3118",
    "city": "Rosburg",
    "orders": 4
  },
  {
    "isActive": false,
    "person": "Tisha Velazquez",
    "company": "Ginkogene",
    "email": "tishavelazquez@ginkogene.com",
    "phone": "+1 (843) 547-2080",
    "city": "Kapowsin",
    "orders": 1
  },
  {
    "isActive": true,
    "person": "Young Bowers",
    "company": "Shepard",
    "email": "youngbowers@shepard.com",
    "phone": "+1 (847) 514-2567",
    "city": "Eureka",
    "orders": 6
  },
  {
    "isActive": false,
    "person": "June Burgess",
    "company": "Nipaz",
    "email": "juneburgess@nipaz.com",
    "phone": "+1 (830) 533-3521",
    "city": "Coinjock",
    "orders": 2
  },
  {
    "isActive": false,
    "person": "Laurie Hobbs",
    "company": "Entogrok",
    "email": "lauriehobbs@entogrok.com",
    "phone": "+1 (953) 434-3211",
    "city": "Bascom",
    "orders": 8
  },
  {
    "isActive": true,
    "person": "York Collins",
    "company": "Lovepad",
    "email": "yorkcollins@lovepad.com",
    "phone": "+1 (800) 425-2175",
    "city": "Why",
    "orders": 10
  },
  {
    "isActive": true,
    "person": "Kristen Foreman",
    "company": "Geeky",
    "email": "kristenforeman@geeky.com",
    "phone": "+1 (834) 470-3970",
    "city": "Ola",
    "orders": 5
  },
  {
    "isActive": false,
    "person": "Joy Holloway",
    "company": "Homelux",
    "email": "joyholloway@homelux.com",
    "phone": "+1 (974) 413-2782",
    "city": "Watchtower",
    "orders": 1
  },
  {
    "isActive": false,
    "person": "Huffman Frank",
    "company": "Oatfarm",
    "email": "huffmanfrank@oatfarm.com",
    "phone": "+1 (874) 484-2723",
    "city": "Otranto",
    "orders": 6
  },
  {
    "isActive": false,
    "person": "Britt Mcmillan",
    "company": "Comtext",
    "email": "brittmcmillan@comtext.com",
    "phone": "+1 (928) 510-2965",
    "city": "Elliston",
    "orders": 1
  },
  {
    "isActive": false,
    "person": "Kaitlin Bennett",
    "company": "Peticular",
    "email": "kaitlinbennett@peticular.com",
    "phone": "+1 (854) 536-2540",
    "city": "Garnet",
    "orders": 8
  },
  {
    "isActive": true,
    "person": "Pearlie Love",
    "company": "Netplode",
    "email": "pearlielove@netplode.com",
    "phone": "+1 (904) 552-2012",
    "city": "Curtice",
    "orders": 10
  },
  {
    "isActive": true,
    "person": "Sheryl Mcbride",
    "company": "Recognia",
    "email": "sherylmcbride@recognia.com",
    "phone": "+1 (899) 466-2830",
    "city": "Boonville",
    "orders": 5
  },
  {
    "isActive": true,
    "person": "Roach Snyder",
    "company": "Baluba",
    "email": "roachsnyder@baluba.com",
    "phone": "+1 (845) 410-3880",
    "city": "Nicholson",
    "orders": 10
  },
  {
    "isActive": true,
    "person": "Ruby Lynn",
    "company": "Octocore",
    "email": "rubylynn@octocore.com",
    "phone": "+1 (848) 486-2871",
    "city": "Southview",
    "orders": 4
  },
  {
    "isActive": false,
    "person": "Stafford Madden",
    "company": "Mantrix",
    "email": "staffordmadden@mantrix.com",
    "phone": "+1 (878) 465-3481",
    "city": "Driftwood",
    "orders": 7
  },
  {
    "isActive": true,
    "person": "Hickman Callahan",
    "company": "Waab",
    "email": "hickmancallahan@waab.com",
    "phone": "+1 (914) 583-3073",
    "city": "Chamizal",
    "orders": 9
  },
  {
    "isActive": true,
    "person": "Leticia Parks",
    "company": "Melbacor",
    "email": "leticiaparks@melbacor.com",
    "phone": "+1 (913) 509-2763",
    "city": "Motley",
    "orders": 7
  },
  {
    "isActive": true,
    "person": "Riggs Moody",
    "company": "Lunchpad",
    "email": "riggsmoody@lunchpad.com",
    "phone": "+1 (908) 583-2930",
    "city": "Bordelonville",
    "orders": 4
  },
  {
    "isActive": false,
    "person": "Katelyn Kirby",
    "company": "Qualitex",
    "email": "katelynkirby@qualitex.com",
    "phone": "+1 (842) 523-2257",
    "city": "Waterview",
    "orders": 4
  },
  {
    "isActive": true,
    "person": "Cox Melton",
    "company": "Kraggle",
    "email": "coxmelton@kraggle.com",
    "phone": "+1 (991) 412-2038",
    "city": "Cecilia",
    "orders": 9
  },
  {
    "isActive": false,
    "person": "Jeri Mcclain",
    "company": "Lunchpod",
    "email": "jerimcclain@lunchpod.com",
    "phone": "+1 (975) 413-2917",
    "city": "Alafaya",
    "orders": 10
  },
  {
    "isActive": true,
    "person": "Aisha Hawkins",
    "company": "Quordate",
    "email": "aishahawkins@quordate.com",
    "phone": "+1 (999) 514-2836",
    "city": "Indio",
    "orders": 5
  },
  {
    "isActive": true,
    "person": "Gayle Barr",
    "company": "Kongle",
    "email": "gaylebarr@kongle.com",
    "phone": "+1 (914) 572-2640",
    "city": "Clarktown",
    "orders": 7
  },
  {
    "isActive": true,
    "person": "Benson Beasley",
    "company": "Rodeomad",
    "email": "bensonbeasley@rodeomad.com",
    "phone": "+1 (860) 588-2920",
    "city": "Cleary",
    "orders": 2
  },
  {
    "isActive": true,
    "person": "Brandy Barrera",
    "company": "Cemention",
    "email": "brandybarrera@cemention.com",
    "phone": "+1 (843) 580-2154",
    "city": "Warren",
    "orders": 10
  },
  {
    "isActive": true,
    "person": "Shelby Ramsey",
    "company": "Geekwagon",
    "email": "shelbyramsey@geekwagon.com",
    "phone": "+1 (855) 533-2648",
    "city": "Hanover",
    "orders": 4
  },
  {
    "isActive": false,
    "person": "Cara Ball",
    "company": "Isbol",
    "email": "caraball@isbol.com",
    "phone": "+1 (874) 438-3616",
    "city": "Wauhillau",
    "orders": 8
  },
  {
    "isActive": true,
    "person": "Richmond Flores",
    "company": "Bostonic",
    "email": "richmondflores@bostonic.com",
    "phone": "+1 (919) 552-3946",
    "city": "Carlton",
    "orders": 1
  },
  {
    "isActive": false,
    "person": "Enid Freeman",
    "company": "Emoltra",
    "email": "enidfreeman@emoltra.com",
    "phone": "+1 (865) 574-3015",
    "city": "Nettie",
    "orders": 7
  },
  {
    "isActive": false,
    "person": "Lynn Cantrell",
    "company": "Uxmox",
    "email": "lynncantrell@uxmox.com",
    "phone": "+1 (968) 556-2447",
    "city": "Goodville",
    "orders": 8
  },
  {
    "isActive": true,
    "person": "Baird Powell",
    "company": "Marketoid",
    "email": "bairdpowell@marketoid.com",
    "phone": "+1 (807) 444-3857",
    "city": "Calpine",
    "orders": 8
  },
  {
    "isActive": false,
    "person": "Lara Finch",
    "company": "Vitricomp",
    "email": "larafinch@vitricomp.com",
    "phone": "+1 (977) 599-2083",
    "city": "Chautauqua",
    "orders": 2
  },
  {
    "isActive": true,
    "person": "Graves Richardson",
    "company": "Amril",
    "email": "gravesrichardson@amril.com",
    "phone": "+1 (823) 408-3828",
    "city": "Echo",
    "orders": 7
  },
  {
    "isActive": true,
    "person": "Strickland Charles",
    "company": "Endicil",
    "email": "stricklandcharles@endicil.com",
    "phone": "+1 (953) 417-2206",
    "city": "Loretto",
    "orders": 5
  },
  {
    "isActive": true,
    "person": "Ebony Allison",
    "company": "Phormula",
    "email": "ebonyallison@phormula.com",
    "phone": "+1 (817) 594-2728",
    "city": "Englevale",
    "orders": 0
  },
  {
    "isActive": true,
    "person": "Caroline Jacobson",
    "company": "Protodyne",
    "email": "carolinejacobson@protodyne.com",
    "phone": "+1 (939) 591-2009",
    "city": "Dixonville",
    "orders": 2
  },
  {
    "isActive": false,
    "person": "Lucile Strickland",
    "company": "Iplax",
    "email": "lucilestrickland@iplax.com",
    "phone": "+1 (898) 590-3071",
    "city": "Juarez",
    "orders": 1
  },
  {
    "isActive": true,
    "person": "White Curry",
    "company": "Lumbrex",
    "email": "whitecurry@lumbrex.com",
    "phone": "+1 (893) 485-3129",
    "city": "Eagleville",
    "orders": 10
  },
  {
    "isActive": true,
    "person": "Eugenia Compton",
    "company": "Solgan",
    "email": "eugeniacompton@solgan.com",
    "phone": "+1 (851) 507-2738",
    "city": "Brule",
    "orders": 5
  },
  {
    "isActive": true,
    "person": "Wilda Dixon",
    "company": "Kangle",
    "email": "wildadixon@kangle.com",
    "phone": "+1 (940) 400-2013",
    "city": "Eastvale",
    "orders": 0
  },
  {
    "isActive": true,
    "person": "Noble Rojas",
    "company": "Filodyne",
    "email": "noblerojas@filodyne.com",
    "phone": "+1 (842) 484-3837",
    "city": "Alderpoint",
    "orders": 6
  },
  {
    "isActive": false,
    "person": "Barr Torres",
    "company": "Zensure",
    "email": "barrtorres@zensure.com",
    "phone": "+1 (874) 582-2466",
    "city": "Fontanelle",
    "orders": 1
  },
  {
    "isActive": true,
    "person": "Ila Hamilton",
    "company": "Knowlysis",
    "email": "ilahamilton@knowlysis.com",
    "phone": "+1 (807) 505-3069",
    "city": "Herbster",
    "orders": 2
  },
  {
    "isActive": true,
    "person": "Bridgett Church",
    "company": "Junipoor",
    "email": "bridgettchurch@junipoor.com",
    "phone": "+1 (880) 464-2710",
    "city": "Franklin",
    "orders": 10
  },
  {
    "isActive": false,
    "person": "Bender Graham",
    "company": "Uncorp",
    "email": "bendergraham@uncorp.com",
    "phone": "+1 (864) 442-3128",
    "city": "Gilgo",
    "orders": 8
  },
  {
    "isActive": false,
    "person": "Roth Chaney",
    "company": "Xixan",
    "email": "rothchaney@xixan.com",
    "phone": "+1 (976) 539-2002",
    "city": "Nutrioso",
    "orders": 8
  },
  {
    "isActive": true,
    "person": "Rhonda Dunn",
    "company": "Maineland",
    "email": "rhondadunn@maineland.com",
    "phone": "+1 (866) 535-2977",
    "city": "Adelino",
    "orders": 4
  },
  {
    "isActive": false,
    "person": "Wilcox Albert",
    "company": "Lingoage",
    "email": "wilcoxalbert@lingoage.com",
    "phone": "+1 (984) 413-2043",
    "city": "Darrtown",
    "orders": 3
  },
  {
    "isActive": false,
    "person": "Suarez Briggs",
    "company": "Kage",
    "email": "suarezbriggs@kage.com",
    "phone": "+1 (953) 593-2916",
    "city": "Century",
    "orders": 0
  },
  {
    "isActive": false,
    "person": "Casey Morse",
    "company": "Netropic",
    "email": "caseymorse@netropic.com",
    "phone": "+1 (880) 593-3845",
    "city": "Summerfield",
    "orders": 0
  },
  {
    "isActive": false,
    "person": "Karyn Pierce",
    "company": "Inrt",
    "email": "karynpierce@inrt.com",
    "phone": "+1 (932) 511-3982",
    "city": "Loveland",
    "orders": 6
  },
  {
    "isActive": true,
    "person": "Foster Trevino",
    "company": "Sybixtex",
    "email": "fostertrevino@sybixtex.com",
    "phone": "+1 (992) 443-2970",
    "city": "Bladensburg",
    "orders": 8
  },
  {
    "isActive": false,
    "person": "Barnett Hayes",
    "company": "Aquamate",
    "email": "barnetthayes@aquamate.com",
    "phone": "+1 (826) 571-2568",
    "city": "Mapletown",
    "orders": 4
  },
  {
    "isActive": false,
    "person": "Huber Kramer",
    "company": "Kidstock",
    "email": "huberkramer@kidstock.com",
    "phone": "+1 (864) 590-3714",
    "city": "Dowling",
    "orders": 10
  },
  {
    "isActive": true,
    "person": "Audra Glover",
    "company": "Utarian",
    "email": "audraglover@utarian.com",
    "phone": "+1 (941) 573-2538",
    "city": "Wildwood",
    "orders": 6
  },
  {
    "isActive": false,
    "person": "Ortega Noel",
    "company": "Skybold",
    "email": "orteganoel@skybold.com",
    "phone": "+1 (895) 547-2175",
    "city": "Ypsilanti",
    "orders": 6
  },
  {
    "isActive": true,
    "person": "Kaufman Lowe",
    "company": "Zenolux",
    "email": "kaufmanlowe@zenolux.com",
    "phone": "+1 (809) 508-2482",
    "city": "Frierson",
    "orders": 8
  },
  {
    "isActive": true,
    "person": "Michelle Cantu",
    "company": "Norsup",
    "email": "michellecantu@norsup.com",
    "phone": "+1 (872) 421-3650",
    "city": "Macdona",
    "orders": 9
  },
  {
    "isActive": false,
    "person": "Riley Knowles",
    "company": "Accupharm",
    "email": "rileyknowles@accupharm.com",
    "phone": "+1 (975) 494-3338",
    "city": "Roderfield",
    "orders": 2
  },
  {
    "isActive": true,
    "person": "Amelia Wall",
    "company": "Ovium",
    "email": "ameliawall@ovium.com",
    "phone": "+1 (821) 491-2806",
    "city": "Hoehne",
    "orders": 8
  },
  {
    "isActive": false,
    "person": "Woods Pacheco",
    "company": "Konnect",
    "email": "woodspacheco@konnect.com",
    "phone": "+1 (949) 495-3253",
    "city": "Ellerslie",
    "orders": 10
  },
  {
    "isActive": false,
    "person": "Gwen Turner",
    "company": "Illumity",
    "email": "gwenturner@illumity.com",
    "phone": "+1 (996) 471-2055",
    "city": "Enoree",
    "orders": 2
  },
  {
    "isActive": true,
    "person": "Watts Rivers",
    "company": "Dentrex",
    "email": "wattsrivers@dentrex.com",
    "phone": "+1 (998) 424-3302",
    "city": "Avalon",
    "orders": 1
  },
  {
    "isActive": true,
    "person": "Beth Ortega",
    "company": "Orbaxter",
    "email": "bethortega@orbaxter.com",
    "phone": "+1 (883) 505-3545",
    "city": "Hollins",
    "orders": 4
  },
  {
    "isActive": true,
    "person": "Wendy Jones",
    "company": "Orbin",
    "email": "wendyjones@orbin.com",
    "phone": "+1 (876) 529-3769",
    "city": "Sterling",
    "orders": 2
  },
  {
    "isActive": false,
    "person": "Valarie Mclean",
    "company": "Gallaxia",
    "email": "valariemclean@gallaxia.com",
    "phone": "+1 (939) 481-2070",
    "city": "Blanford",
    "orders": 3
  },
  {
    "isActive": true,
    "person": "Ola Frazier",
    "company": "Futuris",
    "email": "olafrazier@futuris.com",
    "phone": "+1 (969) 479-2251",
    "city": "Retsof",
    "orders": 4
  },
  {
    "isActive": false,
    "person": "Bettie Acevedo",
    "company": "Uni",
    "email": "bettieacevedo@uni.com",
    "phone": "+1 (893) 443-2816",
    "city": "Silkworth",
    "orders": 9
  },
  {
    "isActive": true,
    "person": "Ann Farley",
    "company": "Atomica",
    "email": "annfarley@atomica.com",
    "phone": "+1 (929) 553-3590",
    "city": "Belfair",
    "orders": 6
  },
  {
    "isActive": true,
    "person": "Best Santiago",
    "company": "Pivitol",
    "email": "bestsantiago@pivitol.com",
    "phone": "+1 (817) 553-3556",
    "city": "Yonah",
    "orders": 8
  },
  {
    "isActive": true,
    "person": "Head Dorsey",
    "company": "Eargo",
    "email": "headdorsey@eargo.com",
    "phone": "+1 (879) 516-3454",
    "city": "Robinson",
    "orders": 2
  },
  {
    "isActive": true,
    "person": "Kelley Carey",
    "company": "Tetak",
    "email": "kelleycarey@tetak.com",
    "phone": "+1 (888) 443-3225",
    "city": "Sharon",
    "orders": 3
  }
]
